url,name,region,coatOfArms,words,titles,seats,currentLord,heir,overlord,founded,founder,diedOut,ancestralWeapons,cadetBranches,swornMembers
https://www.anapioficeandfire.com/api/houses/2,House Allyrion of Godsgrace,Dorne,"Gyronny Gules and Sable, a hand couped Or",No Foe May Pass,[],['Godsgrace'],https://www.anapioficeandfire.com/api/characters/298,https://www.anapioficeandfire.com/api/characters/1922,https://www.anapioficeandfire.com/api/houses/285,,,,[],[],"['https://www.anapioficeandfire.com/api/characters/298', 'https://www.anapioficeandfire.com/api/characters/1129', 'https://www.anapioficeandfire.com/api/characters/1301', 'https://www.anapioficeandfire.com/api/characters/1922']"
https://www.anapioficeandfire.com/api/houses/4,House Ambrose,The Reach,"Or, semy of ants gules",Never Resting,[],[],https://www.anapioficeandfire.com/api/characters/141,,https://www.anapioficeandfire.com/api/houses/398,,,,[],[],"['https://www.anapioficeandfire.com/api/characters/82', 'https://www.anapioficeandfire.com/api/characters/102', 'https://www.anapioficeandfire.com/api/characters/141', 'https://www.anapioficeandfire.com/api/characters/152', 'https://www.anapioficeandfire.com/api/characters/344']"
https://www.anapioficeandfire.com/api/houses/7,House Arryn of the Eyrie,The Vale,"A sky-blue falcon soaring against a white moon, on a sky-blue field(Bleu celeste, upon a plate a falcon volant of the field)",As High as Honor,"['King of Mountain and Vale (formerly)', 'Lord of the Eyrie', 'Defender of the Vale', 'Warden of the East']","['The Eyrie (summer)', 'Gates of the Moon (winter)']",https://www.anapioficeandfire.com/api/characters/894,https://www.anapioficeandfire.com/api/characters/477,https://www.anapioficeandfire.com/api/houses/16,Coming of the Andals,https://www.anapioficeandfire.com/api/characters/144,,[],['https://www.anapioficeandfire.com/api/houses/6'],"['https://www.anapioficeandfire.com/api/characters/49', 'https://www.anapioficeandfire.com/api/characters/92', 'https://www.anapioficeandfire.com/api/characters/93', 'https://www.anapioficeandfire.com/api/characters/107', 'https://www.anapioficeandfire.com/api/characters/223', 'https://www.anapioficeandfire.com/api/characters/265', 'https://www.anapioficeandfire.com/api/characters/300', 'https://www.anapioficeandfire.com/api/characters/356', 'https://www.anapioficeandfire.com/api/characters/477', 'https://www.anapioficeandfire.com/api/characters/508', 'https://www.anapioficeandfire.com/api/characters/540', 'https://www.anapioficeandfire.com/api/characters/548', 'https://www.anapioficeandfire.com/api/characters/558', 'https://www.anapioficeandfire.com/api/characters/572', 'https://www.anapioficeandfire.com/api/characters/688', 'https://www.anapioficeandfire.com/api/characters/894', 'https://www.anapioficeandfire.com/api/characters/1068', 'https://www.anapioficeandfire.com/api/characters/1193', 'https://www.anapioficeandfire.com/api/characters/1280', 'https://www.anapioficeandfire.com/api/characters/1443', 'https://www.anapioficeandfire.com/api/characters/1655', 'https://www.anapioficeandfire.com/api/characters/1693', 'https://www.anapioficeandfire.com/api/characters/1715', 'https://www.anapioficeandfire.com/api/characters/1884']"
https://www.anapioficeandfire.com/api/houses/8,House Ashford of Ashford,The Reach,"Tenny, a sun in splendour beneath a chevron inverted argent",Our Sun Shines Bright,['Lord of Ashford'],['Ashford'],,,https://www.anapioficeandfire.com/api/houses/398,,,,[],[],"['https://www.anapioficeandfire.com/api/characters/121', 'https://www.anapioficeandfire.com/api/characters/641', 'https://www.anapioficeandfire.com/api/characters/895', 'https://www.anapioficeandfire.com/api/characters/1812']"
https://www.anapioficeandfire.com/api/houses/17,House Baratheon of Storm's End,The Stormlands,"A black crowned stag, on a gold field(Or, a stag salient, crowned, sable)",Ours is the Fury,"[""Lord of Storm's End"", 'Lord Paramount of the Stormlands']","[""Storm's End"", 'Dragonstone (House Baratheon of Dragonstone)']",https://www.anapioficeandfire.com/api/characters/1029,https://www.anapioficeandfire.com/api/characters/775,https://www.anapioficeandfire.com/api/houses/16,1 AC,https://www.anapioficeandfire.com/api/characters/797,,[],"['https://www.anapioficeandfire.com/api/houses/15', 'https://www.anapioficeandfire.com/api/houses/16']","['https://www.anapioficeandfire.com/api/characters/110', 'https://www.anapioficeandfire.com/api/characters/128', 'https://www.anapioficeandfire.com/api/characters/216', 'https://www.anapioficeandfire.com/api/characters/230', 'https://www.anapioficeandfire.com/api/characters/249', 'https://www.anapioficeandfire.com/api/characters/315', 'https://www.anapioficeandfire.com/api/characters/435', 'https://www.anapioficeandfire.com/api/characters/679', 'https://www.anapioficeandfire.com/api/characters/794', 'https://www.anapioficeandfire.com/api/characters/797', 'https://www.anapioficeandfire.com/api/characters/862', 'https://www.anapioficeandfire.com/api/characters/870', 'https://www.anapioficeandfire.com/api/characters/986', 'https://www.anapioficeandfire.com/api/characters/1044', 'https://www.anapioficeandfire.com/api/characters/1188', 'https://www.anapioficeandfire.com/api/characters/1233', 'https://www.anapioficeandfire.com/api/characters/1355', 'https://www.anapioficeandfire.com/api/characters/1473', 'https://www.anapioficeandfire.com/api/characters/1552']"
https://www.anapioficeandfire.com/api/houses/18,House Beesbury of Honeyholt,The Reach,"Paly or and sable, on a pale of the last three beehives of the first",Beware our Sting,[],['Honeyholt'],https://www.anapioficeandfire.com/api/characters/1103,,https://www.anapioficeandfire.com/api/houses/195,,https://www.anapioficeandfire.com/api/characters/366,,[],[],"['https://www.anapioficeandfire.com/api/characters/94', 'https://www.anapioficeandfire.com/api/characters/187', 'https://www.anapioficeandfire.com/api/characters/193', 'https://www.anapioficeandfire.com/api/characters/366', 'https://www.anapioficeandfire.com/api/characters/509', 'https://www.anapioficeandfire.com/api/characters/513', 'https://www.anapioficeandfire.com/api/characters/549', 'https://www.anapioficeandfire.com/api/characters/671', 'https://www.anapioficeandfire.com/api/characters/1103']"
https://www.anapioficeandfire.com/api/houses/34,House Bolton of the Dreadfort,The North,A red flayed man on pink de sang,Our Blades are Sharp,"['Red King (Age of Heroes)', 'Lord of the Dreadfort', 'Warden of the North']",['The Dreadfort'],https://www.anapioficeandfire.com/api/characters/933,https://www.anapioficeandfire.com/api/characters/849,https://www.anapioficeandfire.com/api/houses/16,Age of Heroes,,,[],[],"['https://www.anapioficeandfire.com/api/characters/196', 'https://www.anapioficeandfire.com/api/characters/314', 'https://www.anapioficeandfire.com/api/characters/849', 'https://www.anapioficeandfire.com/api/characters/933', 'https://www.anapioficeandfire.com/api/characters/1084', 'https://www.anapioficeandfire.com/api/characters/1159', 'https://www.anapioficeandfire.com/api/characters/1208', 'https://www.anapioficeandfire.com/api/characters/1313', 'https://www.anapioficeandfire.com/api/characters/1329', 'https://www.anapioficeandfire.com/api/characters/1452', 'https://www.anapioficeandfire.com/api/characters/1492', 'https://www.anapioficeandfire.com/api/characters/1648', 'https://www.anapioficeandfire.com/api/characters/1747', 'https://www.anapioficeandfire.com/api/characters/1949', 'https://www.anapioficeandfire.com/api/characters/2077']"
https://www.anapioficeandfire.com/api/houses/51,House Buckwell of the Antlers,The Crownlands,"A rack of golden antlers, on a field of vair(Vair, a stag's attire or)",Pride and Purpose,['Lord of the Antlers'],['the Antlers'],,,https://www.anapioficeandfire.com/api/houses/16,,,,[],[],['https://www.anapioficeandfire.com/api/characters/537']
https://www.anapioficeandfire.com/api/houses/52,House Bulwer of Blackcrown,The Reach,"Sanguine, a bull`s skull argent",Death Before Disgrace,[],['Blackcrown'],https://www.anapioficeandfire.com/api/characters/100,,https://www.anapioficeandfire.com/api/houses/195,,,,[],[],"['https://www.anapioficeandfire.com/api/characters/100', 'https://www.anapioficeandfire.com/api/characters/224', 'https://www.anapioficeandfire.com/api/characters/575']"
https://www.anapioficeandfire.com/api/houses/60,House Caron of Nightsong,The Stormlands,"A field of black nightingales on yellow(Or, semé of nightingales sable)",No Song so Sweet,"['Lord of the Marches', 'Lord of Nightsong']",['Nightsong'],https://www.anapioficeandfire.com/api/characters/925,,https://www.anapioficeandfire.com/api/houses/15,,,,[],[],"['https://www.anapioficeandfire.com/api/characters/220', 'https://www.anapioficeandfire.com/api/characters/221', 'https://www.anapioficeandfire.com/api/characters/769', 'https://www.anapioficeandfire.com/api/characters/816', 'https://www.anapioficeandfire.com/api/characters/925']"
https://www.anapioficeandfire.com/api/houses/66,House Cerwyn of Cerwyn,The North,"Argent, a battle-axe paleways sable",Honed and Ready,['Lord of Cerwyn'],['Castle Cerwyn'],https://www.anapioficeandfire.com/api/characters/588,,https://www.anapioficeandfire.com/api/houses/34,,,,[],[],"['https://www.anapioficeandfire.com/api/characters/247', 'https://www.anapioficeandfire.com/api/characters/588', 'https://www.anapioficeandfire.com/api/characters/734']"
https://www.anapioficeandfire.com/api/houses/75,House Codd,Iron Islands,,Though All Men Do Despise Us,[],[],,,https://www.anapioficeandfire.com/api/houses/169,,,,[],[],"['https://www.anapioficeandfire.com/api/characters/358', 'https://www.anapioficeandfire.com/api/characters/653']"
https://www.anapioficeandfire.com/api/houses/86,House Crakehall of Crakehall,The Westerlands,"A brindled boar on a brown field(Tenné, a boar brindled sable and argent)",None so Fierce,['Lord of Crakehall'],['Crakehall'],https://www.anapioficeandfire.com/api/characters/922,https://www.anapioficeandfire.com/api/characters/1046,https://www.anapioficeandfire.com/api/houses/229,,https://www.anapioficeandfire.com/api/characters/257,,[],[],"['https://www.anapioficeandfire.com/api/characters/112', 'https://www.anapioficeandfire.com/api/characters/225', 'https://www.anapioficeandfire.com/api/characters/242', 'https://www.anapioficeandfire.com/api/characters/257', 'https://www.anapioficeandfire.com/api/characters/670', 'https://www.anapioficeandfire.com/api/characters/741', 'https://www.anapioficeandfire.com/api/characters/748', 'https://www.anapioficeandfire.com/api/characters/921', 'https://www.anapioficeandfire.com/api/characters/922', 'https://www.anapioficeandfire.com/api/characters/973', 'https://www.anapioficeandfire.com/api/characters/996', 'https://www.anapioficeandfire.com/api/characters/1046']"
https://www.anapioficeandfire.com/api/houses/109,House Durrandon,The Stormlands,"A black crowned stag, on a gold field(Or, a stag salient, crowned, sable)",Ours is the Fury,['Storm King'],"[""Storm's End""]",,,,Age of Heroes,https://www.anapioficeandfire.com/api/characters/333,1 AC,[],"['https://www.anapioficeandfire.com/api/houses/17', 'https://www.anapioficeandfire.com/api/houses/33', 'https://www.anapioficeandfire.com/api/houses/423']","['https://www.anapioficeandfire.com/api/characters/128', 'https://www.anapioficeandfire.com/api/characters/1361']"
https://www.anapioficeandfire.com/api/houses/113,House Egen,The Vale,"A yellow sun, white crescent moon, and silver star on a blue chief, above a white field(Argent, on a chief azure a moon increscent of the first between a sun-in-splendour or and a mullet of the first)",By Day or Night,[],[],,,https://www.anapioficeandfire.com/api/houses/7,,,,[],[],['https://www.anapioficeandfire.com/api/characters/1068']
https://www.anapioficeandfire.com/api/houses/132,House Flint of Widow's Watch,The North,"Azure, semy of whitecaps argent on a chief wavy Or two eyes of the second irised of the first and pupiled sable",Ever Vigilant,[],"[""Widow's Watch""]",https://www.anapioficeandfire.com/api/characters/669,,https://www.anapioficeandfire.com/api/houses/34,,,,[],"['https://www.anapioficeandfire.com/api/houses/129', 'https://www.anapioficeandfire.com/api/houses/131']","['https://www.anapioficeandfire.com/api/characters/669', 'https://www.anapioficeandfire.com/api/characters/1882']"
https://www.anapioficeandfire.com/api/houses/134,House Follard,The Crownlands,"Gyronny gules and argent, on a canton Or a fool's cap two peaked of the first and second",None so Wise,[],[],,,https://www.anapioficeandfire.com/api/houses/16,,,,[],[],[]
https://www.anapioficeandfire.com/api/houses/137,House Footly of Tumbleton,The Reach,a field of silver caltrops on black,Tread Lightly Here,[],['Tumbleton'],,,https://www.anapioficeandfire.com/api/houses/398,,,,[],[],[]
https://www.anapioficeandfire.com/api/houses/138,House Forrester,The North,"an ironwood tree outline with a sword outline drawn inside it, pointing down. (Telltale)",Iron from Ice (Telltale),[],['Ironrath (Telltale)'],,,https://www.anapioficeandfire.com/api/houses/150,,,,[],[],[]
https://www.anapioficeandfire.com/api/houses/139,House Fossoway of Cider Hall,The Reach,"Or, an apple gules",Taste of Glory,['Lord of Cider Hall'],['Cider Hall'],,,https://www.anapioficeandfire.com/api/houses/398,,https://www.anapioficeandfire.com/api/characters/395,,[],['https://www.anapioficeandfire.com/api/houses/140'],"['https://www.anapioficeandfire.com/api/characters/218', 'https://www.anapioficeandfire.com/api/characters/350', 'https://www.anapioficeandfire.com/api/characters/395', 'https://www.anapioficeandfire.com/api/characters/988', 'https://www.anapioficeandfire.com/api/characters/1011']"
https://www.anapioficeandfire.com/api/houses/141,House Fowler of Skyreach,Dorne,"Argent, a hooded hawk trussed azure",Let Me Soar,"['Lord of Skyreach', ""Warden of the Prince's Pass"", 'Lord of the Wide Way', 'King of Stone and Sky']",['Skyreach'],https://www.anapioficeandfire.com/api/characters/396,,https://www.anapioficeandfire.com/api/houses/285,,,,[],[],['https://www.anapioficeandfire.com/api/characters/396']
https://www.anapioficeandfire.com/api/houses/159,House Graceford of Holyhall,The Reach,"Tenny, on a pale wavy argent the Mother's face proper",Work Her Will,[],['Holyhall'],https://www.anapioficeandfire.com/api/characters/81,,https://www.anapioficeandfire.com/api/houses/398,,,,[],[],['https://www.anapioficeandfire.com/api/characters/81']
https://www.anapioficeandfire.com/api/houses/161,House Grandison of Grandview,The Stormlands,"A black sleeping lion, on a yellow field(Or, a lion dormant sable)",Rouse Me Not,['Lord of Grandview'],['Grandview'],https://www.anapioficeandfire.com/api/characters/510,,https://www.anapioficeandfire.com/api/houses/17,,,,[],[],"['https://www.anapioficeandfire.com/api/characters/465', 'https://www.anapioficeandfire.com/api/characters/510', 'https://www.anapioficeandfire.com/api/characters/517']"
https://www.anapioficeandfire.com/api/houses/169,House Greyjoy of Pyke,Iron Islands,"Sable, a kraken Or",We Do Not Sow,"['King of Salt and Rock', 'Son of the Sea Wind', 'Lord Reaper of Pyke']",['Pyke'],https://www.anapioficeandfire.com/api/characters/385,https://www.anapioficeandfire.com/api/characters/1022,https://www.anapioficeandfire.com/api/houses/16,Age of Heroes,,,[],[],"['https://www.anapioficeandfire.com/api/characters/60', 'https://www.anapioficeandfire.com/api/characters/66', 'https://www.anapioficeandfire.com/api/characters/150', 'https://www.anapioficeandfire.com/api/characters/278', 'https://www.anapioficeandfire.com/api/characters/316', 'https://www.anapioficeandfire.com/api/characters/469', 'https://www.anapioficeandfire.com/api/characters/718', 'https://www.anapioficeandfire.com/api/characters/836', 'https://www.anapioficeandfire.com/api/characters/839', 'https://www.anapioficeandfire.com/api/characters/904', 'https://www.anapioficeandfire.com/api/characters/913', 'https://www.anapioficeandfire.com/api/characters/1022', 'https://www.anapioficeandfire.com/api/characters/1062', 'https://www.anapioficeandfire.com/api/characters/1072', 'https://www.anapioficeandfire.com/api/characters/1074', 'https://www.anapioficeandfire.com/api/characters/1141', 'https://www.anapioficeandfire.com/api/characters/1226', 'https://www.anapioficeandfire.com/api/characters/1250', 'https://www.anapioficeandfire.com/api/characters/1292', 'https://www.anapioficeandfire.com/api/characters/1306', 'https://www.anapioficeandfire.com/api/characters/1345', 'https://www.anapioficeandfire.com/api/characters/1372', 'https://www.anapioficeandfire.com/api/characters/1416', 'https://www.anapioficeandfire.com/api/characters/1461', 'https://www.anapioficeandfire.com/api/characters/1495', 'https://www.anapioficeandfire.com/api/characters/1595', 'https://www.anapioficeandfire.com/api/characters/1765', 'https://www.anapioficeandfire.com/api/characters/1829', 'https://www.anapioficeandfire.com/api/characters/1853', 'https://www.anapioficeandfire.com/api/characters/1893', 'https://www.anapioficeandfire.com/api/characters/1919', 'https://www.anapioficeandfire.com/api/characters/1947', 'https://www.anapioficeandfire.com/api/characters/1960', 'https://www.anapioficeandfire.com/api/characters/1971', 'https://www.anapioficeandfire.com/api/characters/1974', 'https://www.anapioficeandfire.com/api/characters/2042', 'https://www.anapioficeandfire.com/api/characters/2046', 'https://www.anapioficeandfire.com/api/characters/2049', 'https://www.anapioficeandfire.com/api/characters/2061', 'https://www.anapioficeandfire.com/api/characters/2093', 'https://www.anapioficeandfire.com/api/characters/2096', 'https://www.anapioficeandfire.com/api/characters/2117']"
https://www.anapioficeandfire.com/api/houses/185,House Hastwyck,The Reach,Barry olive and ivory,None so Dutiful,[],[],,,https://www.anapioficeandfire.com/api/houses/398,,,,[],[],['https://www.anapioficeandfire.com/api/characters/759']
https://www.anapioficeandfire.com/api/houses/195,House Hightower of the Hightower,The Reach,"Cendrée, a tower argent with a beacon on fire gules",We Light the Way,"['Lord of the Hightower', 'Lord of the Port', 'Voice of Oldtown', 'Defender of the Citadel', 'Beacon of the South', 'King of the High Tower (formerly)']","['The Hightower', 'Oldtown']",https://www.anapioficeandfire.com/api/characters/635,https://www.anapioficeandfire.com/api/characters/159,https://www.anapioficeandfire.com/api/houses/398,Age of Dawn,https://www.anapioficeandfire.com/api/characters/2062,,['Vigilance'],[],"['https://www.anapioficeandfire.com/api/characters/29', 'https://www.anapioficeandfire.com/api/characters/69', 'https://www.anapioficeandfire.com/api/characters/76', 'https://www.anapioficeandfire.com/api/characters/102', 'https://www.anapioficeandfire.com/api/characters/159', 'https://www.anapioficeandfire.com/api/characters/239', 'https://www.anapioficeandfire.com/api/characters/305', 'https://www.anapioficeandfire.com/api/characters/407', 'https://www.anapioficeandfire.com/api/characters/421', 'https://www.anapioficeandfire.com/api/characters/444', 'https://www.anapioficeandfire.com/api/characters/449', 'https://www.anapioficeandfire.com/api/characters/634', 'https://www.anapioficeandfire.com/api/characters/635', 'https://www.anapioficeandfire.com/api/characters/678', 'https://www.anapioficeandfire.com/api/characters/808', 'https://www.anapioficeandfire.com/api/characters/840', 'https://www.anapioficeandfire.com/api/characters/871', 'https://www.anapioficeandfire.com/api/characters/877', 'https://www.anapioficeandfire.com/api/characters/940']"
https://www.anapioficeandfire.com/api/houses/202,House Hornwood of Hornwood,The North,"Tenny, a bull moose trippant proper",Righteous in Wrath,['Lord of the Hornwood'],['Hornwood'],,,https://www.anapioficeandfire.com/api/houses/362,,,,[],[],"['https://www.anapioficeandfire.com/api/characters/189', 'https://www.anapioficeandfire.com/api/characters/293', 'https://www.anapioficeandfire.com/api/characters/317', 'https://www.anapioficeandfire.com/api/characters/463', 'https://www.anapioficeandfire.com/api/characters/617']"
https://www.anapioficeandfire.com/api/houses/213,House Jordayne of the Tor,Dorne,"Chequy light and dark green, a quill or.",Let it be Written,['Lord of the Tor'],['The Tor'],https://www.anapioficeandfire.com/api/characters/1035,https://www.anapioficeandfire.com/api/characters/776,https://www.anapioficeandfire.com/api/houses/285,,,,[],[],"['https://www.anapioficeandfire.com/api/characters/776', 'https://www.anapioficeandfire.com/api/characters/1035']"
https://www.anapioficeandfire.com/api/houses/215,House Karstark of Karhold,The North,"Sable, a sunburst argent",The Sun of Winter,['Lord of Karhold'],['Karhold'],https://www.anapioficeandfire.com/api/characters/476,https://www.anapioficeandfire.com/api/characters/96,https://www.anapioficeandfire.com/api/houses/34,One thousand years ago,https://www.anapioficeandfire.com/api/characters/603,,[],[],"['https://www.anapioficeandfire.com/api/characters/96', 'https://www.anapioficeandfire.com/api/characters/97', 'https://www.anapioficeandfire.com/api/characters/98', 'https://www.anapioficeandfire.com/api/characters/134', 'https://www.anapioficeandfire.com/api/characters/140', 'https://www.anapioficeandfire.com/api/characters/258', 'https://www.anapioficeandfire.com/api/characters/338', 'https://www.anapioficeandfire.com/api/characters/476', 'https://www.anapioficeandfire.com/api/characters/603', 'https://www.anapioficeandfire.com/api/characters/884', 'https://www.anapioficeandfire.com/api/characters/1033']"
https://www.anapioficeandfire.com/api/houses/229,House Lannister of Casterly Rock,The Westerlands,"A gold lion, on a crimson field(Gules, a lion or)",Hear Me Roar!,"['King of the Rock (formerly)', 'Lord of Casterly Rock', 'Shield of Lannisport', 'Warden of the West']",['Casterly Rock'],https://www.anapioficeandfire.com/api/characters/238,,https://www.anapioficeandfire.com/api/houses/16,Age of Heroes,https://www.anapioficeandfire.com/api/characters/615,,['Brightroar'],"['https://www.anapioficeandfire.com/api/houses/228', 'https://www.anapioficeandfire.com/api/houses/230', 'https://www.anapioficeandfire.com/api/houses/231', 'https://www.anapioficeandfire.com/api/houses/232', 'https://www.anapioficeandfire.com/api/houses/233']","['https://www.anapioficeandfire.com/api/characters/27', 'https://www.anapioficeandfire.com/api/characters/101', 'https://www.anapioficeandfire.com/api/characters/115', 'https://www.anapioficeandfire.com/api/characters/177', 'https://www.anapioficeandfire.com/api/characters/235', 'https://www.anapioficeandfire.com/api/characters/236', 'https://www.anapioficeandfire.com/api/characters/238', 'https://www.anapioficeandfire.com/api/characters/282', 'https://www.anapioficeandfire.com/api/characters/283', 'https://www.anapioficeandfire.com/api/characters/284', 'https://www.anapioficeandfire.com/api/characters/292', 'https://www.anapioficeandfire.com/api/characters/294', 'https://www.anapioficeandfire.com/api/characters/363', 'https://www.anapioficeandfire.com/api/characters/367', 'https://www.anapioficeandfire.com/api/characters/377', 'https://www.anapioficeandfire.com/api/characters/382', 'https://www.anapioficeandfire.com/api/characters/415', 'https://www.anapioficeandfire.com/api/characters/418', 'https://www.anapioficeandfire.com/api/characters/422', 'https://www.anapioficeandfire.com/api/characters/529', 'https://www.anapioficeandfire.com/api/characters/531', 'https://www.anapioficeandfire.com/api/characters/538', 'https://www.anapioficeandfire.com/api/characters/556', 'https://www.anapioficeandfire.com/api/characters/562', 'https://www.anapioficeandfire.com/api/characters/568', 'https://www.anapioficeandfire.com/api/characters/605', 'https://www.anapioficeandfire.com/api/characters/613', 'https://www.anapioficeandfire.com/api/characters/615', 'https://www.anapioficeandfire.com/api/characters/616', 'https://www.anapioficeandfire.com/api/characters/662', 'https://www.anapioficeandfire.com/api/characters/708', 'https://www.anapioficeandfire.com/api/characters/725', 'https://www.anapioficeandfire.com/api/characters/773', 'https://www.anapioficeandfire.com/api/characters/778', 'https://www.anapioficeandfire.com/api/characters/955', 'https://www.anapioficeandfire.com/api/characters/973', 'https://www.anapioficeandfire.com/api/characters/984', 'https://www.anapioficeandfire.com/api/characters/1025', 'https://www.anapioficeandfire.com/api/characters/1026', 'https://www.anapioficeandfire.com/api/characters/1044', 'https://www.anapioficeandfire.com/api/characters/1048', 'https://www.anapioficeandfire.com/api/characters/1049', 'https://www.anapioficeandfire.com/api/characters/1050', 'https://www.anapioficeandfire.com/api/characters/1051', 'https://www.anapioficeandfire.com/api/characters/1052', 'https://www.anapioficeandfire.com/api/characters/1057', 'https://www.anapioficeandfire.com/api/characters/1116', 'https://www.anapioficeandfire.com/api/characters/1207', 'https://www.anapioficeandfire.com/api/characters/1233', 'https://www.anapioficeandfire.com/api/characters/1251', 'https://www.anapioficeandfire.com/api/characters/1272', 'https://www.anapioficeandfire.com/api/characters/1275', 'https://www.anapioficeandfire.com/api/characters/1309', 'https://www.anapioficeandfire.com/api/characters/1338', 'https://www.anapioficeandfire.com/api/characters/1349', 'https://www.anapioficeandfire.com/api/characters/1430', 'https://www.anapioficeandfire.com/api/characters/1442', 'https://www.anapioficeandfire.com/api/characters/1483', 'https://www.anapioficeandfire.com/api/characters/1504', 'https://www.anapioficeandfire.com/api/characters/1550', 'https://www.anapioficeandfire.com/api/characters/1570', 'https://www.anapioficeandfire.com/api/characters/1573', 'https://www.anapioficeandfire.com/api/characters/1619', 'https://www.anapioficeandfire.com/api/characters/1647', 'https://www.anapioficeandfire.com/api/characters/1652', 'https://www.anapioficeandfire.com/api/characters/1665', 'https://www.anapioficeandfire.com/api/characters/1724', 'https://www.anapioficeandfire.com/api/characters/1822', 'https://www.anapioficeandfire.com/api/characters/1826', 'https://www.anapioficeandfire.com/api/characters/1848', 'https://www.anapioficeandfire.com/api/characters/1891', 'https://www.anapioficeandfire.com/api/characters/1892', 'https://www.anapioficeandfire.com/api/characters/1936', 'https://www.anapioficeandfire.com/api/characters/1945', 'https://www.anapioficeandfire.com/api/characters/1989', 'https://www.anapioficeandfire.com/api/characters/2029', 'https://www.anapioficeandfire.com/api/characters/2072', 'https://www.anapioficeandfire.com/api/characters/2085', 'https://www.anapioficeandfire.com/api/characters/2091']"
https://www.anapioficeandfire.com/api/houses/244,House Lonmouth,The Stormlands,"Quartered of six: red lips strewn on a yellow field, yellow skulls strewn on a black field(Quarterly of six, first, third and fifth, or, semé of lips gules, second, fourth and sixth, sable, semé of skulls of the first)",The Choice is Yours,[],[],,,https://www.anapioficeandfire.com/api/houses/17,,,,[],[],"['https://www.anapioficeandfire.com/api/characters/567', 'https://www.anapioficeandfire.com/api/characters/882']"
https://www.anapioficeandfire.com/api/houses/254,House Mallister of Seagard,The Riverlands,"A silver eagle, displayed, on an indigo field(Purpure, an eagle displayed argent)",Above the Rest,['Lord of Seagard'],['Seagard'],https://www.anapioficeandfire.com/api/characters/539,https://www.anapioficeandfire.com/api/characters/814,https://www.anapioficeandfire.com/api/houses/10,,,,[],[],"['https://www.anapioficeandfire.com/api/characters/303', 'https://www.anapioficeandfire.com/api/characters/539', 'https://www.anapioficeandfire.com/api/characters/544', 'https://www.anapioficeandfire.com/api/characters/596', 'https://www.anapioficeandfire.com/api/characters/675', 'https://www.anapioficeandfire.com/api/characters/814']"
https://www.anapioficeandfire.com/api/houses/258,House Marbrand of Ashemark,The Westerlands,"An orange burning tree, on a smoky field(Cendrée, a tree in flame tenné)",Burning bright,[],['Ashemark'],https://www.anapioficeandfire.com/api/characters/285,https://www.anapioficeandfire.com/api/characters/31,https://www.anapioficeandfire.com/api/houses/229,,,,[],[],"['https://www.anapioficeandfire.com/api/characters/31', 'https://www.anapioficeandfire.com/api/characters/285', 'https://www.anapioficeandfire.com/api/characters/292', 'https://www.anapioficeandfire.com/api/characters/556', 'https://www.anapioficeandfire.com/api/characters/646']"
https://www.anapioficeandfire.com/api/houses/264,House Merryweather of Longtable,The Reach,"White, a cornucopia Or spilling foods proper within a bordure Or",Behold Our Bounty,[],['Longtable'],https://www.anapioficeandfire.com/api/characters/796,https://www.anapioficeandfire.com/api/characters/943,https://www.anapioficeandfire.com/api/houses/398,,,,[],[],"['https://www.anapioficeandfire.com/api/characters/796', 'https://www.anapioficeandfire.com/api/characters/943', 'https://www.anapioficeandfire.com/api/characters/1006']"
https://www.anapioficeandfire.com/api/houses/269,House Mooton of Maidenpool,The Riverlands,"A red salmon within a gold tressure, on a white field(Argent, a salmon gules within a tressure or)",Wisdom and Strength,['Lord of Maidenpool'],['Maidenpool'],https://www.anapioficeandfire.com/api/characters/1118,,https://www.anapioficeandfire.com/api/houses/10,,,,[],[],"['https://www.anapioficeandfire.com/api/characters/359', 'https://www.anapioficeandfire.com/api/characters/771', 'https://www.anapioficeandfire.com/api/characters/1118']"
https://www.anapioficeandfire.com/api/houses/271,House Mormont of Bear Island,The North,"A wood vert, a bear sable",Here We Stand,['Lord of Bear Island'],['Bear Island'],https://www.anapioficeandfire.com/api/characters/692,https://www.anapioficeandfire.com/api/characters/99,https://www.anapioficeandfire.com/api/houses/362,,,,['Longclaw'],[],"['https://www.anapioficeandfire.com/api/characters/99', 'https://www.anapioficeandfire.com/api/characters/264', 'https://www.anapioficeandfire.com/api/characters/547', 'https://www.anapioficeandfire.com/api/characters/594', 'https://www.anapioficeandfire.com/api/characters/667', 'https://www.anapioficeandfire.com/api/characters/687', 'https://www.anapioficeandfire.com/api/characters/692', 'https://www.anapioficeandfire.com/api/characters/1560']"
https://www.anapioficeandfire.com/api/houses/285,House Nymeros Martell of Sunspear,Dorne,"Tenny, a sun in splendour gules transfixed by a spear bendwise Or","Unbowed, Unbent, Unbroken","['Lord of the Sandship', 'Lord of Sunspear', 'Prince of Dorne']",['Old Palace within Sunspear'],https://www.anapioficeandfire.com/api/characters/326,https://www.anapioficeandfire.com/api/characters/130,https://www.anapioficeandfire.com/api/houses/16,1000 years ago,https://www.anapioficeandfire.com/api/characters/1718,,[],[],"['https://www.anapioficeandfire.com/api/characters/130', 'https://www.anapioficeandfire.com/api/characters/271', 'https://www.anapioficeandfire.com/api/characters/326', 'https://www.anapioficeandfire.com/api/characters/361', 'https://www.anapioficeandfire.com/api/characters/364', 'https://www.anapioficeandfire.com/api/characters/631', 'https://www.anapioficeandfire.com/api/characters/705', 'https://www.anapioficeandfire.com/api/characters/709', 'https://www.anapioficeandfire.com/api/characters/719', 'https://www.anapioficeandfire.com/api/characters/763', 'https://www.anapioficeandfire.com/api/characters/782', 'https://www.anapioficeandfire.com/api/characters/844', 'https://www.anapioficeandfire.com/api/characters/1043', 'https://www.anapioficeandfire.com/api/characters/1166', 'https://www.anapioficeandfire.com/api/characters/1197', 'https://www.anapioficeandfire.com/api/characters/1230', 'https://www.anapioficeandfire.com/api/characters/1253', 'https://www.anapioficeandfire.com/api/characters/1261', 'https://www.anapioficeandfire.com/api/characters/1339', 'https://www.anapioficeandfire.com/api/characters/1362', 'https://www.anapioficeandfire.com/api/characters/1414', 'https://www.anapioficeandfire.com/api/characters/1632', 'https://www.anapioficeandfire.com/api/characters/1697', 'https://www.anapioficeandfire.com/api/characters/1698', 'https://www.anapioficeandfire.com/api/characters/1718', 'https://www.anapioficeandfire.com/api/characters/1723', 'https://www.anapioficeandfire.com/api/characters/1725', 'https://www.anapioficeandfire.com/api/characters/1743', 'https://www.anapioficeandfire.com/api/characters/1766', 'https://www.anapioficeandfire.com/api/characters/1768', 'https://www.anapioficeandfire.com/api/characters/1769', 'https://www.anapioficeandfire.com/api/characters/1770', 'https://www.anapioficeandfire.com/api/characters/1876', 'https://www.anapioficeandfire.com/api/characters/1930', 'https://www.anapioficeandfire.com/api/characters/2011', 'https://www.anapioficeandfire.com/api/characters/2041']"
https://www.anapioficeandfire.com/api/houses/286,House Oakheart of Old Oak,The Reach,"Or, three oak leaves vert",Our Roots Go Deep,[],['Old Oak'],https://www.anapioficeandfire.com/api/characters/147,,https://www.anapioficeandfire.com/api/houses/398,,https://www.anapioficeandfire.com/api/characters/570,,[],[],"['https://www.anapioficeandfire.com/api/characters/74', 'https://www.anapioficeandfire.com/api/characters/147', 'https://www.anapioficeandfire.com/api/characters/149', 'https://www.anapioficeandfire.com/api/characters/343', 'https://www.anapioficeandfire.com/api/characters/570', 'https://www.anapioficeandfire.com/api/characters/787']"
https://www.anapioficeandfire.com/api/houses/299,House Peckledon,The Westerlands,"Ten purple stars, on a yellow field(Or, ten mullets, 4, 3, 2, 1, purpure)",Unflinching,[],[],,,https://www.anapioficeandfire.com/api/houses/229,,,,[],[],['https://www.anapioficeandfire.com/api/characters/597']
https://www.anapioficeandfire.com/api/houses/300,House Penrose of Parchments,The Stormlands,"White crossed quills, on a russet field(Tenné, two quills saltirewise argent)",Set Down Our Deeds,['Lord of Parchments'],['Parchments'],,,https://www.anapioficeandfire.com/api/houses/17,,,,[],[],"['https://www.anapioficeandfire.com/api/characters/48', 'https://www.anapioficeandfire.com/api/characters/254', 'https://www.anapioficeandfire.com/api/characters/581', 'https://www.anapioficeandfire.com/api/characters/1358']"
https://www.anapioficeandfire.com/api/houses/302,House Piper of Pinkmaiden,The Riverlands,"A pink dancing maiden in a swirl of white silk, on a blue field(Azure, a maiden dancing proper enwrapped with silk argent)",Brave and Beautiful,[],['Pinkmaiden Castle'],https://www.anapioficeandfire.com/api/characters/245,https://www.anapioficeandfire.com/api/characters/721,https://www.anapioficeandfire.com/api/houses/10,,,,[],[],"['https://www.anapioficeandfire.com/api/characters/245', 'https://www.anapioficeandfire.com/api/characters/633', 'https://www.anapioficeandfire.com/api/characters/721']"
https://www.anapioficeandfire.com/api/houses/303,House Plumm,The Westerlands,"Three purple roundels, on a gold field(Or, three golpes)",Come Try Me,[],[],https://www.anapioficeandfire.com/api/characters/826,https://www.anapioficeandfire.com/api/characters/299,https://www.anapioficeandfire.com/api/houses/229,,,,[],[],"['https://www.anapioficeandfire.com/api/characters/299', 'https://www.anapioficeandfire.com/api/characters/485', 'https://www.anapioficeandfire.com/api/characters/732', 'https://www.anapioficeandfire.com/api/characters/803', 'https://www.anapioficeandfire.com/api/characters/822', 'https://www.anapioficeandfire.com/api/characters/826', 'https://www.anapioficeandfire.com/api/characters/1078', 'https://www.anapioficeandfire.com/api/characters/1358']"
https://www.anapioficeandfire.com/api/houses/306,House Prester of Feastfires,The Westerlands,"A red ox, on an ermine field(Ermine, an ox passant gules)",Tireless,['Lord of Feastfires'],['Feastfires'],https://www.anapioficeandfire.com/api/characters/403,,https://www.anapioficeandfire.com/api/houses/229,,,,[],[],"['https://www.anapioficeandfire.com/api/characters/394', 'https://www.anapioficeandfire.com/api/characters/403']"
https://www.anapioficeandfire.com/api/houses/316,House Redfort of Redfort,The Vale,"A red castle, on a white field, within a red embattled border(Argent, a castle within a bordure embattled gules)",As Strong as Stone,['Lord of Redfort'],['Redfort'],https://www.anapioficeandfire.com/api/characters/499,,https://www.anapioficeandfire.com/api/houses/7,,,,[],[],"['https://www.anapioficeandfire.com/api/characters/261', 'https://www.anapioficeandfire.com/api/characters/499', 'https://www.anapioficeandfire.com/api/characters/541', 'https://www.anapioficeandfire.com/api/characters/582', 'https://www.anapioficeandfire.com/api/characters/768', 'https://www.anapioficeandfire.com/api/characters/1133', 'https://www.anapioficeandfire.com/api/characters/1299']"
https://www.anapioficeandfire.com/api/houses/328,House Royce of Runestone,The Vale,"Black iron studs on a bronze field, bordered with runes(Tenné pelletée, an orle of ancient runes sable)",We Remember,"['High King of the Vale, the Fingers and the Mountains of the Moon (formerly)', 'Lord of Runestone']",['Runestone'],https://www.anapioficeandfire.com/api/characters/1131,https://www.anapioficeandfire.com/api/characters/116,https://www.anapioficeandfire.com/api/houses/7,Age of Heroes,,,['Lamentation'],['https://www.anapioficeandfire.com/api/houses/329'],"['https://www.anapioficeandfire.com/api/characters/116', 'https://www.anapioficeandfire.com/api/characters/558', 'https://www.anapioficeandfire.com/api/characters/608', 'https://www.anapioficeandfire.com/api/characters/648', 'https://www.anapioficeandfire.com/api/characters/818', 'https://www.anapioficeandfire.com/api/characters/878', 'https://www.anapioficeandfire.com/api/characters/892', 'https://www.anapioficeandfire.com/api/characters/948', 'https://www.anapioficeandfire.com/api/characters/1104', 'https://www.anapioficeandfire.com/api/characters/1131', 'https://www.anapioficeandfire.com/api/characters/1133', 'https://www.anapioficeandfire.com/api/characters/1929']"
https://www.anapioficeandfire.com/api/houses/338,House Sarsfield of Sarsfield,The Westerlands,"A green arrow on a white bend, on a green field(Vert, on a bend argent an arrow of the field, point to dexter chief)",True to the Mark,[],['Sarsfield'],,,https://www.anapioficeandfire.com/api/houses/229,,,,[],[],['https://www.anapioficeandfire.com/api/characters/745']
https://www.anapioficeandfire.com/api/houses/342,House Serrett of Silverhill,The Westerlands,"A peacock in his pride, on a cream field(Argent, a peacock-in-his-pride proper)",I Have No Rival,[],['Silverhill'],,,https://www.anapioficeandfire.com/api/houses/229,,,,[],[],[]
https://www.anapioficeandfire.com/api/houses/355,House Smallwood of Acorn Hall,The Riverlands,"Six brown acorns, on a yellow field(Or, six acorns, 3, 2, 1, tenné)",From These Beginnings,['Lord of Acorn Hall'],['Acorn Hall'],https://www.anapioficeandfire.com/api/characters/1020,,https://www.anapioficeandfire.com/api/houses/405,,,,[],[],"['https://www.anapioficeandfire.com/api/characters/227', 'https://www.anapioficeandfire.com/api/characters/772', 'https://www.anapioficeandfire.com/api/characters/851', 'https://www.anapioficeandfire.com/api/characters/1020']"
https://www.anapioficeandfire.com/api/houses/362,House Stark of Winterfell,The North,"A running grey direwolf, on an ice-white field",Winter is Coming,"['King in the North', 'Lord of Winterfell', 'Warden of the North', 'King of the Trident']",['Scattered (formerly Winterfell)'],,,https://www.anapioficeandfire.com/api/houses/16,Age of Heroes,https://www.anapioficeandfire.com/api/characters/209,,['Ice'],"['https://www.anapioficeandfire.com/api/houses/170', 'https://www.anapioficeandfire.com/api/houses/215']","['https://www.anapioficeandfire.com/api/characters/2', 'https://www.anapioficeandfire.com/api/characters/20', 'https://www.anapioficeandfire.com/api/characters/97', 'https://www.anapioficeandfire.com/api/characters/98', 'https://www.anapioficeandfire.com/api/characters/136', 'https://www.anapioficeandfire.com/api/characters/143', 'https://www.anapioficeandfire.com/api/characters/148', 'https://www.anapioficeandfire.com/api/characters/170', 'https://www.anapioficeandfire.com/api/characters/181', 'https://www.anapioficeandfire.com/api/characters/192', 'https://www.anapioficeandfire.com/api/characters/206', 'https://www.anapioficeandfire.com/api/characters/207', 'https://www.anapioficeandfire.com/api/characters/208', 'https://www.anapioficeandfire.com/api/characters/209', 'https://www.anapioficeandfire.com/api/characters/210', 'https://www.anapioficeandfire.com/api/characters/212', 'https://www.anapioficeandfire.com/api/characters/216', 'https://www.anapioficeandfire.com/api/characters/232', 'https://www.anapioficeandfire.com/api/characters/259', 'https://www.anapioficeandfire.com/api/characters/324', 'https://www.anapioficeandfire.com/api/characters/339', 'https://www.anapioficeandfire.com/api/characters/340', 'https://www.anapioficeandfire.com/api/characters/349', 'https://www.anapioficeandfire.com/api/characters/351', 'https://www.anapioficeandfire.com/api/characters/354', 'https://www.anapioficeandfire.com/api/characters/389', 'https://www.anapioficeandfire.com/api/characters/461', 'https://www.anapioficeandfire.com/api/characters/561', 'https://www.anapioficeandfire.com/api/characters/583', 'https://www.anapioficeandfire.com/api/characters/584', 'https://www.anapioficeandfire.com/api/characters/589', 'https://www.anapioficeandfire.com/api/characters/591', 'https://www.anapioficeandfire.com/api/characters/593', 'https://www.anapioficeandfire.com/api/characters/603', 'https://www.anapioficeandfire.com/api/characters/648', 'https://www.anapioficeandfire.com/api/characters/668', 'https://www.anapioficeandfire.com/api/characters/716', 'https://www.anapioficeandfire.com/api/characters/737', 'https://www.anapioficeandfire.com/api/characters/777', 'https://www.anapioficeandfire.com/api/characters/887', 'https://www.anapioficeandfire.com/api/characters/891', 'https://www.anapioficeandfire.com/api/characters/911', 'https://www.anapioficeandfire.com/api/characters/912', 'https://www.anapioficeandfire.com/api/characters/916', 'https://www.anapioficeandfire.com/api/characters/917', 'https://www.anapioficeandfire.com/api/characters/918', 'https://www.anapioficeandfire.com/api/characters/957', 'https://www.anapioficeandfire.com/api/characters/1101', 'https://www.anapioficeandfire.com/api/characters/1111', 'https://www.anapioficeandfire.com/api/characters/1148', 'https://www.anapioficeandfire.com/api/characters/1158', 'https://www.anapioficeandfire.com/api/characters/1175', 'https://www.anapioficeandfire.com/api/characters/1185', 'https://www.anapioficeandfire.com/api/characters/1190', 'https://www.anapioficeandfire.com/api/characters/1254', 'https://www.anapioficeandfire.com/api/characters/1260', 'https://www.anapioficeandfire.com/api/characters/1326', 'https://www.anapioficeandfire.com/api/characters/1336', 'https://www.anapioficeandfire.com/api/characters/1383', 'https://www.anapioficeandfire.com/api/characters/1396', 'https://www.anapioficeandfire.com/api/characters/1407', 'https://www.anapioficeandfire.com/api/characters/1488', 'https://www.anapioficeandfire.com/api/characters/1489', 'https://www.anapioficeandfire.com/api/characters/1499', 'https://www.anapioficeandfire.com/api/characters/1515', 'https://www.anapioficeandfire.com/api/characters/1526', 'https://www.anapioficeandfire.com/api/characters/1565', 'https://www.anapioficeandfire.com/api/characters/1602', 'https://www.anapioficeandfire.com/api/characters/1620', 'https://www.anapioficeandfire.com/api/characters/1649', 'https://www.anapioficeandfire.com/api/characters/1650', 'https://www.anapioficeandfire.com/api/characters/1706', 'https://www.anapioficeandfire.com/api/characters/1737', 'https://www.anapioficeandfire.com/api/characters/1749', 'https://www.anapioficeandfire.com/api/characters/1787', 'https://www.anapioficeandfire.com/api/characters/1796', 'https://www.anapioficeandfire.com/api/characters/1816', 'https://www.anapioficeandfire.com/api/characters/1819', 'https://www.anapioficeandfire.com/api/characters/1843', 'https://www.anapioficeandfire.com/api/characters/1946', 'https://www.anapioficeandfire.com/api/characters/1950', 'https://www.anapioficeandfire.com/api/characters/1979', 'https://www.anapioficeandfire.com/api/characters/2019', 'https://www.anapioficeandfire.com/api/characters/2020', 'https://www.anapioficeandfire.com/api/characters/2037', 'https://www.anapioficeandfire.com/api/characters/2068', 'https://www.anapioficeandfire.com/api/characters/2089', 'https://www.anapioficeandfire.com/api/characters/2119']"
https://www.anapioficeandfire.com/api/houses/364,House Stokeworth of Stokeworth,The Crownlands,"Vert, a lamb couchant argent holding a goblet or",Proud to be Faithful,['Lord of Stokeworth'],['Stokeworth'],https://www.anapioficeandfire.com/api/characters/638,https://www.anapioficeandfire.com/api/characters/2043,https://www.anapioficeandfire.com/api/houses/16,,,,[],[],"['https://www.anapioficeandfire.com/api/characters/217', 'https://www.anapioficeandfire.com/api/characters/391', 'https://www.anapioficeandfire.com/api/characters/392', 'https://www.anapioficeandfire.com/api/characters/638', 'https://www.anapioficeandfire.com/api/characters/1010', 'https://www.anapioficeandfire.com/api/characters/2043']"
https://www.anapioficeandfire.com/api/houses/374,House Swyft of Cornfield,The Westerlands,"A blue bantam rooster, on a yellow field(Or, a cock close azure)",Awake! Awake!,['Knight of Cornfield'],['Cornfield'],https://www.anapioficeandfire.com/api/characters/487,https://www.anapioficeandfire.com/api/characters/992,https://www.anapioficeandfire.com/api/houses/229,,,,[],[],"['https://www.anapioficeandfire.com/api/characters/34', 'https://www.anapioficeandfire.com/api/characters/327', 'https://www.anapioficeandfire.com/api/characters/487', 'https://www.anapioficeandfire.com/api/characters/516', 'https://www.anapioficeandfire.com/api/characters/563', 'https://www.anapioficeandfire.com/api/characters/564', 'https://www.anapioficeandfire.com/api/characters/974', 'https://www.anapioficeandfire.com/api/characters/992', 'https://www.anapioficeandfire.com/api/characters/2111']"
https://www.anapioficeandfire.com/api/houses/375,House Swygert,The Stormlands,"A white scroll with gold knobs, on a purple field within a white tressure(Purpure a scroll argent, knobbed or, within a tressure of the second)",Truth Conquers,[],[],,,https://www.anapioficeandfire.com/api/houses/17,,,,[],[],[]
https://www.anapioficeandfire.com/api/houses/376,House Tallhart of Torrhen's Square,The North,"Tenny, three sentinel trees vert",Proud and Free,"[""Master of Torrhen's Square""]","[""Torrhen's Square""]",https://www.anapioficeandfire.com/api/characters/337,https://www.anapioficeandfire.com/api/characters/214,https://www.anapioficeandfire.com/api/houses/34,,,,[],[],"['https://www.anapioficeandfire.com/api/characters/179', 'https://www.anapioficeandfire.com/api/characters/188', 'https://www.anapioficeandfire.com/api/characters/189', 'https://www.anapioficeandfire.com/api/characters/214', 'https://www.anapioficeandfire.com/api/characters/337', 'https://www.anapioficeandfire.com/api/characters/490', 'https://www.anapioficeandfire.com/api/characters/625']"
https://www.anapioficeandfire.com/api/houses/378,House Targaryen of King's Landing,The Crownlands,"Sable, a dragon thrice-headed gules",Fire and Blood,"['King of the Andals, the Rhoynar and the First Men', 'Lord of the Seven Kingdoms', 'Prince of Summerhall']","['Red Keep (formerly)', 'Summerhall (formerly)']",https://www.anapioficeandfire.com/api/characters/1303,,,House Targaryen: >114 BCHouse Targaryen of King's Landing:1 AC,,,"['Blackfyre', 'Dark Sister']",['https://www.anapioficeandfire.com/api/houses/23'],"['https://www.anapioficeandfire.com/api/characters/33', 'https://www.anapioficeandfire.com/api/characters/42', 'https://www.anapioficeandfire.com/api/characters/43', 'https://www.anapioficeandfire.com/api/characters/44', 'https://www.anapioficeandfire.com/api/characters/45', 'https://www.anapioficeandfire.com/api/characters/48', 'https://www.anapioficeandfire.com/api/characters/49', 'https://www.anapioficeandfire.com/api/characters/55', 'https://www.anapioficeandfire.com/api/characters/58', 'https://www.anapioficeandfire.com/api/characters/59', 'https://www.anapioficeandfire.com/api/characters/76', 'https://www.anapioficeandfire.com/api/characters/91', 'https://www.anapioficeandfire.com/api/characters/93', 'https://www.anapioficeandfire.com/api/characters/109', 'https://www.anapioficeandfire.com/api/characters/110', 'https://www.anapioficeandfire.com/api/characters/154', 'https://www.anapioficeandfire.com/api/characters/155', 'https://www.anapioficeandfire.com/api/characters/156', 'https://www.anapioficeandfire.com/api/characters/157', 'https://www.anapioficeandfire.com/api/characters/161', 'https://www.anapioficeandfire.com/api/characters/168', 'https://www.anapioficeandfire.com/api/characters/169', 'https://www.anapioficeandfire.com/api/characters/195', 'https://www.anapioficeandfire.com/api/characters/239', 'https://www.anapioficeandfire.com/api/characters/265', 'https://www.anapioficeandfire.com/api/characters/266', 'https://www.anapioficeandfire.com/api/characters/269', 'https://www.anapioficeandfire.com/api/characters/270', 'https://www.anapioficeandfire.com/api/characters/271', 'https://www.anapioficeandfire.com/api/characters/272', 'https://www.anapioficeandfire.com/api/characters/275', 'https://www.anapioficeandfire.com/api/characters/276', 'https://www.anapioficeandfire.com/api/characters/330', 'https://www.anapioficeandfire.com/api/characters/334', 'https://www.anapioficeandfire.com/api/characters/361', 'https://www.anapioficeandfire.com/api/characters/488', 'https://www.anapioficeandfire.com/api/characters/546', 'https://www.anapioficeandfire.com/api/characters/560', 'https://www.anapioficeandfire.com/api/characters/576', 'https://www.anapioficeandfire.com/api/characters/610', 'https://www.anapioficeandfire.com/api/characters/611', 'https://www.anapioficeandfire.com/api/characters/696', 'https://www.anapioficeandfire.com/api/characters/709', 'https://www.anapioficeandfire.com/api/characters/729', 'https://www.anapioficeandfire.com/api/characters/759', 'https://www.anapioficeandfire.com/api/characters/767', 'https://www.anapioficeandfire.com/api/characters/779', 'https://www.anapioficeandfire.com/api/characters/797', 'https://www.anapioficeandfire.com/api/characters/865', 'https://www.anapioficeandfire.com/api/characters/867', 'https://www.anapioficeandfire.com/api/characters/868', 'https://www.anapioficeandfire.com/api/characters/869', 'https://www.anapioficeandfire.com/api/characters/870', 'https://www.anapioficeandfire.com/api/characters/871', 'https://www.anapioficeandfire.com/api/characters/872', 'https://www.anapioficeandfire.com/api/characters/873', 'https://www.anapioficeandfire.com/api/characters/874', 'https://www.anapioficeandfire.com/api/characters/875', 'https://www.anapioficeandfire.com/api/characters/876', 'https://www.anapioficeandfire.com/api/characters/951', 'https://www.anapioficeandfire.com/api/characters/971', 'https://www.anapioficeandfire.com/api/characters/1067', 'https://www.anapioficeandfire.com/api/characters/1070', 'https://www.anapioficeandfire.com/api/characters/1079', 'https://www.anapioficeandfire.com/api/characters/1114', 'https://www.anapioficeandfire.com/api/characters/1142', 'https://www.anapioficeandfire.com/api/characters/1205', 'https://www.anapioficeandfire.com/api/characters/1242', 'https://www.anapioficeandfire.com/api/characters/1302', 'https://www.anapioficeandfire.com/api/characters/1303', 'https://www.anapioficeandfire.com/api/characters/1340', 'https://www.anapioficeandfire.com/api/characters/1358', 'https://www.anapioficeandfire.com/api/characters/1445', 'https://www.anapioficeandfire.com/api/characters/1450', 'https://www.anapioficeandfire.com/api/characters/1469', 'https://www.anapioficeandfire.com/api/characters/1520', 'https://www.anapioficeandfire.com/api/characters/1523', 'https://www.anapioficeandfire.com/api/characters/1527', 'https://www.anapioficeandfire.com/api/characters/1528', 'https://www.anapioficeandfire.com/api/characters/1548', 'https://www.anapioficeandfire.com/api/characters/1549', 'https://www.anapioficeandfire.com/api/characters/1560', 'https://www.anapioficeandfire.com/api/characters/1589', 'https://www.anapioficeandfire.com/api/characters/1608', 'https://www.anapioficeandfire.com/api/characters/1709', 'https://www.anapioficeandfire.com/api/characters/1739', 'https://www.anapioficeandfire.com/api/characters/1826', 'https://www.anapioficeandfire.com/api/characters/1856', 'https://www.anapioficeandfire.com/api/characters/1867', 'https://www.anapioficeandfire.com/api/characters/1872', 'https://www.anapioficeandfire.com/api/characters/1873', 'https://www.anapioficeandfire.com/api/characters/1874', 'https://www.anapioficeandfire.com/api/characters/1897', 'https://www.anapioficeandfire.com/api/characters/1944', 'https://www.anapioficeandfire.com/api/characters/1948', 'https://www.anapioficeandfire.com/api/characters/1978', 'https://www.anapioficeandfire.com/api/characters/1981', 'https://www.anapioficeandfire.com/api/characters/2071', 'https://www.anapioficeandfire.com/api/characters/2086', 'https://www.anapioficeandfire.com/api/characters/2124', 'https://www.anapioficeandfire.com/api/characters/2128']"
https://www.anapioficeandfire.com/api/houses/379,House Tarly of Horn Hill,The Reach,"Vert, a huntsman striding to dexter proper garbed gules",First in Battle,['Lord of Horn Hill'],['Horn Hill'],https://www.anapioficeandfire.com/api/characters/850,https://www.anapioficeandfire.com/api/characters/313,https://www.anapioficeandfire.com/api/houses/398,,,,[],[],"['https://www.anapioficeandfire.com/api/characters/313', 'https://www.anapioficeandfire.com/api/characters/359', 'https://www.anapioficeandfire.com/api/characters/742', 'https://www.anapioficeandfire.com/api/characters/850', 'https://www.anapioficeandfire.com/api/characters/954', 'https://www.anapioficeandfire.com/api/characters/1008']"
https://www.anapioficeandfire.com/api/houses/388,House Tollett of the Grey Glen,The Vale,Pily grey and black(Pily cendrée and sable),When All is Darkest,['Lord of the Grey Glen'],['The Grey Glen'],https://www.anapioficeandfire.com/api/characters/1064,,https://www.anapioficeandfire.com/api/houses/328,,,,[],[],"['https://www.anapioficeandfire.com/api/characters/341', 'https://www.anapioficeandfire.com/api/characters/1064']"
https://www.anapioficeandfire.com/api/houses/392,House Toyne,The Stormlands,"A black winged heart, on a gold field, within a black embattled borderOr, a winged heart within a bordure embattled sable)","Fly High, Fly Far",[],[],,,https://www.anapioficeandfire.com/api/houses/17,,,281 AC in Westeros296 AC in Essos,[],[],"['https://www.anapioficeandfire.com/api/characters/983', 'https://www.anapioficeandfire.com/api/characters/1014']"
https://www.anapioficeandfire.com/api/houses/393,House Trant of Gallowsgrey,The Stormlands,"A black hanged man, on a blue field(Azure, a hanged man sable)",So End Our Foes,['Lord of Gallowsgrey'],['Gallowsgrey'],,,https://www.anapioficeandfire.com/api/houses/17,,,,[],[],['https://www.anapioficeandfire.com/api/characters/752']
https://www.anapioficeandfire.com/api/houses/395,House Tully of Riverrun,The Riverlands,"A leaping silver trout on a field of blue and mud red(Paly wavy azure and gules, a trout embowed argent)","Family, Duty, Honor","['Lord of Riverrun', 'Lord Paramount of the Trident']",['Scattered (formerly Riverrun)'],https://www.anapioficeandfire.com/api/characters/346,https://www.anapioficeandfire.com/api/characters/894,https://www.anapioficeandfire.com/api/houses/362,,,,[],[],"['https://www.anapioficeandfire.com/api/characters/223', 'https://www.anapioficeandfire.com/api/characters/232', 'https://www.anapioficeandfire.com/api/characters/346', 'https://www.anapioficeandfire.com/api/characters/347', 'https://www.anapioficeandfire.com/api/characters/503', 'https://www.anapioficeandfire.com/api/characters/688', 'https://www.anapioficeandfire.com/api/characters/733', 'https://www.anapioficeandfire.com/api/characters/755', 'https://www.anapioficeandfire.com/api/characters/909', 'https://www.anapioficeandfire.com/api/characters/937', 'https://www.anapioficeandfire.com/api/characters/1063', 'https://www.anapioficeandfire.com/api/characters/1321', 'https://www.anapioficeandfire.com/api/characters/1364', 'https://www.anapioficeandfire.com/api/characters/1371', 'https://www.anapioficeandfire.com/api/characters/1621', 'https://www.anapioficeandfire.com/api/characters/1744', 'https://www.anapioficeandfire.com/api/characters/1818']"
https://www.anapioficeandfire.com/api/houses/398,House Tyrell of Highgarden,The Reach,"Vert, a rose Or",Growing Strong,"['Lord of Highgarden', 'Defender of the Marches', 'High Marshal of the Reach', 'Warden of the South', 'Lord Paramount of the Mander', 'High Steward of Highgarden (pre-Conquest)']",['Highgarden'],https://www.anapioficeandfire.com/api/characters/691,https://www.anapioficeandfire.com/api/characters/1113,https://www.anapioficeandfire.com/api/houses/16,,https://www.anapioficeandfire.com/api/characters/75,,[],['https://www.anapioficeandfire.com/api/houses/397'],"['https://www.anapioficeandfire.com/api/characters/16', 'https://www.anapioficeandfire.com/api/characters/69', 'https://www.anapioficeandfire.com/api/characters/75', 'https://www.anapioficeandfire.com/api/characters/77', 'https://www.anapioficeandfire.com/api/characters/362', 'https://www.anapioficeandfire.com/api/characters/372', 'https://www.anapioficeandfire.com/api/characters/408', 'https://www.anapioficeandfire.com/api/characters/467', 'https://www.anapioficeandfire.com/api/characters/519', 'https://www.anapioficeandfire.com/api/characters/532', 'https://www.anapioficeandfire.com/api/characters/623', 'https://www.anapioficeandfire.com/api/characters/624', 'https://www.anapioficeandfire.com/api/characters/626', 'https://www.anapioficeandfire.com/api/characters/636', 'https://www.anapioficeandfire.com/api/characters/640', 'https://www.anapioficeandfire.com/api/characters/647', 'https://www.anapioficeandfire.com/api/characters/658', 'https://www.anapioficeandfire.com/api/characters/664', 'https://www.anapioficeandfire.com/api/characters/665', 'https://www.anapioficeandfire.com/api/characters/666', 'https://www.anapioficeandfire.com/api/characters/685', 'https://www.anapioficeandfire.com/api/characters/686', 'https://www.anapioficeandfire.com/api/characters/689', 'https://www.anapioficeandfire.com/api/characters/691', 'https://www.anapioficeandfire.com/api/characters/736', 'https://www.anapioficeandfire.com/api/characters/754', 'https://www.anapioficeandfire.com/api/characters/766', 'https://www.anapioficeandfire.com/api/characters/783', 'https://www.anapioficeandfire.com/api/characters/784', 'https://www.anapioficeandfire.com/api/characters/785', 'https://www.anapioficeandfire.com/api/characters/838', 'https://www.anapioficeandfire.com/api/characters/855', 'https://www.anapioficeandfire.com/api/characters/889', 'https://www.anapioficeandfire.com/api/characters/1019', 'https://www.anapioficeandfire.com/api/characters/1073', 'https://www.anapioficeandfire.com/api/characters/1075', 'https://www.anapioficeandfire.com/api/characters/1112', 'https://www.anapioficeandfire.com/api/characters/1113', 'https://www.anapioficeandfire.com/api/characters/1173', 'https://www.anapioficeandfire.com/api/characters/1244', 'https://www.anapioficeandfire.com/api/characters/1377', 'https://www.anapioficeandfire.com/api/characters/1409', 'https://www.anapioficeandfire.com/api/characters/1410', 'https://www.anapioficeandfire.com/api/characters/2080']"
https://www.anapioficeandfire.com/api/houses/407,House Velaryon of Driftmark,The Crownlands,"seahorse rampant argent, on sea green","The Old, the True, the Brave","['Lord of the Tides', 'Master of Driftmark']",['High Tide or Driftmark'],https://www.anapioficeandfire.com/api/characters/757,,https://www.anapioficeandfire.com/api/houses/15,prior to 114BC,,,[],[],"['https://www.anapioficeandfire.com/api/characters/33', 'https://www.anapioficeandfire.com/api/characters/91', 'https://www.anapioficeandfire.com/api/characters/110', 'https://www.anapioficeandfire.com/api/characters/154', 'https://www.anapioficeandfire.com/api/characters/253', 'https://www.anapioficeandfire.com/api/characters/610', 'https://www.anapioficeandfire.com/api/characters/611', 'https://www.anapioficeandfire.com/api/characters/756', 'https://www.anapioficeandfire.com/api/characters/757', 'https://www.anapioficeandfire.com/api/characters/875', 'https://www.anapioficeandfire.com/api/characters/1066', 'https://www.anapioficeandfire.com/api/characters/1070', 'https://www.anapioficeandfire.com/api/characters/1177', 'https://www.anapioficeandfire.com/api/characters/1302', 'https://www.anapioficeandfire.com/api/characters/1833']"
https://www.anapioficeandfire.com/api/houses/415,House Waxley of Wickenden,The Vale,"Three candles, white with red flames, within silver candle holders, on a grey field within a black border(Cendrée, three candles in holders argent, flamed gules, within a bordure sable)",Light in Darkness,['The Knight of Wickenden'],['Wickenden'],https://www.anapioficeandfire.com/api/characters/345,,https://www.anapioficeandfire.com/api/houses/7,,,,[],[],['https://www.anapioficeandfire.com/api/characters/345']
https://www.anapioficeandfire.com/api/houses/422,House Wendwater,The Crownlands,"A green engrailed pall, inverted on white, dividing three trees, green, red and bare",For All Seasons,[],[],,,https://www.anapioficeandfire.com/api/houses/16,,,,[],[],[]
https://www.anapioficeandfire.com/api/houses/423,House Wensington,The Stormlands,"Two golden trumpets crossed on a blue field, beneath a gold chief with three black stags(Azure, two trumpets saltirewise or, on a chief of the second three stags salient sable)",Sound The Charge,[],[],,,https://www.anapioficeandfire.com/api/houses/17,,,,[],[],[]
https://www.anapioficeandfire.com/api/houses/425,House Westerling of the Crag,The Westerlands,"Six white shells, on a sand-coloured field(Or, six escallops argent)","Honor, Not Honors",['Lord of the Crag'],['The Crag'],https://www.anapioficeandfire.com/api/characters/413,https://www.anapioficeandfire.com/api/characters/923,https://www.anapioficeandfire.com/api/houses/229,,,,[],[],"['https://www.anapioficeandfire.com/api/characters/360', 'https://www.anapioficeandfire.com/api/characters/374', 'https://www.anapioficeandfire.com/api/characters/413', 'https://www.anapioficeandfire.com/api/characters/479', 'https://www.anapioficeandfire.com/api/characters/560', 'https://www.anapioficeandfire.com/api/characters/561', 'https://www.anapioficeandfire.com/api/characters/568', 'https://www.anapioficeandfire.com/api/characters/792', 'https://www.anapioficeandfire.com/api/characters/856', 'https://www.anapioficeandfire.com/api/characters/923', 'https://www.anapioficeandfire.com/api/characters/927', 'https://www.anapioficeandfire.com/api/characters/997']"
https://www.anapioficeandfire.com/api/houses/430,House Wode,The Riverlands,"Three white hedgehogs, on a yellow field(Or, three hedgehogs argent)",Touch Me Not,[],[],,,https://www.anapioficeandfire.com/api/houses/10,,,,[],[],['https://www.anapioficeandfire.com/api/characters/1120']
https://www.anapioficeandfire.com/api/houses/436,House Wydman,The Vale,"Five splintered lances, 3, 2, striped blue and white with blue pennons, on a yellow field, beneath a white chief bearing a red castle, a green viper, a black broken wheel, a purple unicorn and a yellow lion.",Right Conquers Might,[],[],,,https://www.anapioficeandfire.com/api/houses/7,,,,[],[],[]
https://www.anapioficeandfire.com/api/houses/444,House Yronwood of Yronwood,Dorne,"Or, a portcullis sable",We Guard the Way,"['The Bloodroyal', 'Lord of Yronwood', 'Warden of the Stone Way', 'High King of Dorne (formerly)']",['Yronwood'],https://www.anapioficeandfire.com/api/characters/117,https://www.anapioficeandfire.com/api/characters/452,https://www.anapioficeandfire.com/api/houses/285,,,,[],[],"['https://www.anapioficeandfire.com/api/characters/117', 'https://www.anapioficeandfire.com/api/characters/126', 'https://www.anapioficeandfire.com/api/characters/246', 'https://www.anapioficeandfire.com/api/characters/452', 'https://www.anapioficeandfire.com/api/characters/793', 'https://www.anapioficeandfire.com/api/characters/1129']"
